List of candidates with the test scores,,,,,,,,,
ID,gender,group,Education,"test preparation
course",Math,English,Computer,Total,Average
760,male,group A,associate degree,none,47,57,44,148,49.33
3391,male,group C,some college,none,76,78,75,229,76.33
3841,male,group B,some college,none,40,43,39,122,40.67
2632,male,group D,high school,completed,64,64,67,195,65.00
2779,male,group C,associate degree,none,58,54,52,164,54.67
1608,male,group D,associate degree,none,40,52,43,135,45.00
1354,male,group A,some college,completed,78,72,70,220,73.33
4517,male,group C,high school,none,88,89,86,263,87.67
9332,male,group C,master degree,completed,46,42,46,134,44.67
3306,male,group D,high school,none,66,69,63,198,66.00
8979,male,group D,some college,none,44,54,53,151,50.33
7703,male,group D,bachelor degree,completed,74,71,80,225,75.00
7613,male,group A,master degree,none,73,74,72,219,73.00
1621,male,group B,some college,none,69,54,55,178,59.33
7887,male,group C,high school,none,70,70,65,205,68.33
7964,male,group D,some college,none,40,42,38,120,40.00
8324,male,group E,some college,none,97,87,82,266,88.67
8675,male,group E,associate degree,completed,81,81,79,241,80.33
8981,male,group B,associate degree,none,57,56,57,170,56.67
7450,male,group C,associate degree,none,55,61,54,170,56.67
1558,male,group B,some college,completed,59,65,66,190,63.33
2418,male,group B,associate degree,none,65,54,57,176,58.67
646,male,group C,high school,completed,82,84,82,248,82.67
6700,male,group E,some college,none,53,55,48,156,52.00
287,male,group E,associate degree,completed,77,69,68,214,71.33
4242,male,group C,some college,none,53,44,42,139,46.33
8557,male,group D,high school,none,88,78,75,241,80.33
6123,male,group D,associate degree,none,52,55,49,156,52.00
5500,male,group D,some college,completed,58,59,58,175,58.33
2519,male,group E,bachelor degree,completed,79,74,72,225,75.00
8654,male,group A,some high school,none,39,39,34,112,37.33
1883,male,group A,associate degree,none,62,61,55,178,59.33
7136,male,group B,some high school,none,67,64,61,192,64.00
7938,male,group D,some high school,none,45,37,37,119,39.67
5292,male,group B,associate degree,none,61,58,56,175,58.33
8219,male,group D,some college,completed,63,55,63,181,60.33
9189,male,group C,some high school,none,61,57,56,174,58.00
3172,male,group C,some high school,none,49,49,41,139,46.33
4540,male,group B,associate degree,none,44,41,38,123,41.00
3067,male,group E,some high school,none,30,26,22,78,26.00
8582,male,group A,bachelor degree,completed,80,78,81,239,79.67
4955,male,group B,high school,none,49,45,45,139,46.33
2278,male,group A,some college,completed,50,47,54,151,50.33
1282,male,group E,associate degree,none,72,64,63,199,66.33
5938,male,group D,high school,none,42,39,34,115,38.33
673,male,group C,high school,none,27,34,36,97,32.33
4761,male,group C,high school,none,71,79,71,221,73.67
3960,male,group C,associate degree,completed,43,45,50,138,46.00
7428,male,group C,associate degree,completed,78,81,82,241,80.33
8591,male,group B,some high school,completed,65,66,62,193,64.33
8119,male,group B,some college,none,79,67,67,213,71.00
9435,male,group D,bachelor degree,completed,68,74,74,216,72.00
5706,male,group B,high school,completed,60,44,47,151,50.33
3174,male,group C,some college,completed,98,86,90,274,91.33
2236,male,group E,associate degree,completed,66,63,64,193,64.33
5432,male,group C,high school,none,62,55,49,166,55.33
7388,male,group A,associate degree,none,54,53,47,154,51.33
2815,male,group C,high school,none,84,77,74,235,78.33
9355,male,group B,associate degree,completed,91,89,92,272,90.67
5414,male,group D,high school,none,63,57,56,176,58.67
6359,male,group E,some college,none,83,80,73,236,78.67
8134,male,group B,some high school,none,72,68,67,207,69.00
6255,male,group D,some college,completed,65,77,74,216,72.00
1476,male,group D,master degree,none,82,82,74,238,79.33
3674,male,group D,master degree,none,89,84,82,255,85.00
1014,male,group C,some high school,completed,53,37,40,130,43.33
5316,male,group E,some college,completed,87,74,70,231,77.00
7576,male,group D,bachelor degree,completed,74,79,75,228,76.00
4181,male,group C,bachelor degree,none,58,55,48,161,53.67
6759,male,group B,some high school,completed,51,54,41,146,48.67
2088,male,group E,high school,none,70,55,56,181,60.33
4120,male,group D,some college,completed,71,61,69,201,67.00
6194,male,group A,high school,none,57,43,47,147,49.00
2206,male,group D,some college,none,88,73,78,239,79.67
4122,male,group B,some high school,none,88,84,75,247,82.33
1092,male,group C,associate degree,none,73,68,66,207,69.00
8601,male,group E,associate degree,completed,100,100,93,293,97.67
1731,male,group A,some high school,completed,62,67,69,198,66.00
6811,male,group A,bachelor degree,none,77,67,68,212,70.67
7904,male,group D,bachelor degree,none,54,49,47,150,50.00
3842,male,group D,some high school,none,62,67,61,190,63.33
2426,male,group B,some college,none,60,60,60,180,60.00
4987,male,group D,associate degree,none,66,62,64,192,64.00
9233,male,group B,associate degree,completed,82,78,74,234,78.00
8970,male,group B,master degree,none,49,53,52,154,51.33
6623,male,group C,high school,none,52,53,49,154,51.33
6298,male,group C,high school,completed,53,51,51,155,51.67
9850,male,group A,high school,completed,72,73,74,219,73.00
9794,male,group E,some high school,none,94,88,78,260,86.67
5220,male,group C,master degree,completed,62,68,75,205,68.33
4644,male,group C,some high school,completed,45,52,49,146,48.67
9885,male,group C,associate degree,completed,65,67,65,197,65.67
3477,male,group E,high school,none,80,76,65,221,73.67
3702,male,group D,some high school,completed,62,66,68,196,65.33
5020,male,group B,some high school,none,48,52,45,145,48.33
1553,male,group D,some college,completed,76,83,79,238,79.33
6319,male,group D,some college,completed,77,62,62,201,67.00
7697,male,group D,associate degree,none,61,55,52,168,56.00
8748,male,group C,some high school,completed,59,69,65,193,64.33
5728,male,group E,high school,none,55,56,51,162,54.00
932,male,group C,associate degree,none,69,77,69,215,71.67
1199,male,group C,some college,none,59,41,42,142,47.33
597,male,group D,some high school,completed,74,71,78,223,74.33
2970,male,group E,bachelor degree,none,82,62,62,206,68.67
835,male,group E,high school,completed,81,80,76,237,79.00
1629,male,group D,some high school,completed,80,79,79,238,79.33
1572,male,group C,some college,none,35,28,27,90,30.00
1912,male,group C,associate degree,completed,60,51,56,167,55.67
6706,male,group E,high school,completed,87,91,81,259,86.33
1972,male,group B,some high school,completed,84,83,75,242,80.67
4577,male,group B,high school,none,66,77,70,213,71.00
9756,male,group B,some high school,completed,61,56,56,173,57.67
9456,male,group B,associate degree,none,87,85,73,245,81.67
9051,male,group D,some high school,none,86,80,75,241,80.33
2436,male,group D,high school,none,57,50,54,161,53.67
5568,male,group A,some high school,none,68,72,64,204,68.00
7399,male,group D,some college,none,76,64,66,206,68.67
503,male,group C,associate degree,none,46,43,42,131,43.67
3418,male,group E,some high school,none,92,87,78,257,85.67
2732,male,group C,bachelor degree,completed,83,82,84,249,83.00
5795,male,group D,associate degree,none,80,75,77,232,77.33
4928,male,group D,bachelor degree,none,63,66,67,196,65.33
2558,male,group B,some college,none,54,52,51,157,52.33
2822,male,group C,associate degree,none,84,80,80,244,81.33
9321,male,group D,high school,completed,73,68,66,207,69.00
5817,male,group E,some college,none,59,51,43,153,51.00
7731,male,group D,some high school,none,75,74,69,218,72.67
4610,male,group C,associate degree,none,85,76,71,232,77.33
3058,male,group E,associate degree,none,89,76,74,239,79.67
9202,male,group C,high school,none,68,60,53,181,60.33
735,male,group A,some high school,completed,47,49,49,145,48.33
4507,male,group D,master degree,none,80,80,72,232,77.33
1875,male,group D,high school,none,54,52,52,158,52.67
3982,male,group C,associate degree,completed,78,77,77,232,77.33
4033,male,group C,some college,completed,79,79,78,236,78.67
1455,male,group D,high school,none,76,73,68,217,72.33
1774,male,group D,some high school,none,59,42,41,142,47.33
1166,male,group C,bachelor degree,none,69,63,61,193,64.33
3180,male,group C,some college,none,58,49,42,149,49.67
2901,male,group B,some college,completed,88,85,76,249,83.00
6284,male,group C,bachelor degree,none,83,78,73,234,78.00
5530,male,group B,bachelor degree,none,73,56,57,186,62.00
9719,male,group D,high school,none,53,52,42,147,49.00
9581,male,group D,high school,none,45,48,46,139,46.33
7120,male,group B,associate degree,completed,81,82,82,245,81.67
8196,male,group E,associate degree,completed,97,82,88,267,89.00
1388,male,group B,bachelor degree,none,88,75,76,239,79.67
4669,male,group E,some high school,completed,77,76,77,230,76.67
7817,male,group C,associate degree,none,76,70,68,214,71.33
5763,male,group D,some high school,none,86,73,70,229,76.33
3861,male,group C,some high school,completed,63,60,57,180,60.00
8243,male,group D,high school,completed,78,77,80,235,78.33
9570,male,group B,associate degree,none,67,62,60,189,63.00
5993,male,group A,some high school,completed,46,41,43,130,43.33
7219,male,group E,associate degree,completed,71,74,68,213,71.00
3363,male,group C,high school,completed,40,46,50,136,45.33
1749,male,group D,associate degree,none,90,87,75,252,84.00
1930,male,group A,some college,completed,81,78,81,240,80.00
6390,male,group D,some high school,none,56,54,52,162,54.00
4998,male,group B,associate degree,none,80,76,64,220,73.33
6351,male,group A,some college,none,69,67,69,205,68.33
4108,male,group E,some college,completed,99,87,81,267,89.00
1811,male,group C,some high school,none,51,52,44,147,49.00
3599,male,group B,bachelor degree,none,66,60,57,183,61.00
8763,male,group D,bachelor degree,completed,67,61,68,196,65.33
3010,male,group C,high school,none,71,66,65,202,67.33
2233,male,group C,associate degree,none,83,72,78,233,77.67
5385,male,group B,bachelor degree,none,63,71,69,203,67.67
1705,male,group C,some college,none,61,61,62,184,61.33
7084,male,group A,some college,none,28,23,19,70,23.33
6004,male,group C,associate degree,completed,82,75,77,234,78.00
2961,male,group C,high school,none,71,60,61,192,64.00
1304,male,group C,associate degree,none,47,37,35,119,39.67
2994,male,group E,associate degree,completed,62,56,53,171,57.00
3228,male,group B,associate degree,none,90,78,81,249,83.00
962,male,group D,some high school,completed,76,70,69,215,71.67
6119,male,group C,associate degree,none,49,51,43,143,47.67
4768,male,group C,high school,none,58,61,52,171,57.00
4446,male,group D,associate degree,completed,67,72,67,206,68.67
6248,male,group D,some college,none,79,73,67,219,73.00
4248,male,group B,some college,none,62,61,57,180,60.00
7632,male,group D,high school,none,75,74,66,215,71.67
1689,male,group E,associate degree,none,87,74,76,237,79.00
4189,male,group E,some college,none,66,57,52,175,58.33
2757,male,group A,associate degree,none,63,61,61,185,61.67
9851,male,group D,some college,none,59,62,61,182,60.67
3368,male,group B,some high school,completed,85,84,78,247,82.33
4932,male,group C,some college,none,59,60,58,177,59.00
9962,male,group A,bachelor degree,completed,49,58,60,167,55.67
9143,male,group C,high school,completed,69,58,53,180,60.00
3591,male,group C,bachelor degree,none,61,66,61,188,62.67
4484,male,group E,some college,none,84,77,71,232,77.33
444,male,group D,some high school,none,74,74,72,220,73.33
2969,male,group E,associate degree,none,46,43,41,130,43.33
8847,male,group A,bachelor degree,none,66,64,62,192,64.00
6596,male,group C,associate degree,completed,87,100,95,282,94.00
4396,male,group C,master degree,none,79,81,71,231,77.00
4788,male,group D,master degree,none,73,70,75,218,72.67
6012,male,group E,some high school,completed,73,67,59,199,66.33
9092,male,group E,some college,none,76,67,67,210,70.00
3677,male,group C,associate degree,completed,57,54,56,167,55.67
1508,male,group A,high school,none,48,45,41,134,44.67
6337,male,group B,some high school,none,74,63,57,194,64.67
8008,male,group D,some high school,none,60,59,54,173,57.67
4421,male,group A,some college,none,53,43,43,139,46.33
1813,male,group B,associate degree,completed,65,65,63,193,64.33
7640,male,group D,associate degree,completed,87,84,85,256,85.33
8603,male,group E,some college,completed,84,83,78,245,81.67
4413,male,group D,associate degree,none,71,66,60,197,65.67
1943,male,group B,some high school,completed,63,67,67,197,65.67
7460,male,group E,high school,none,84,73,69,226,75.33
2053,male,group C,bachelor degree,completed,71,74,68,213,71.00
1899,male,group C,associate degree,none,74,73,67,214,71.33
7281,male,group D,some college,none,68,59,62,189,63.00
8166,male,group E,high school,completed,57,56,54,167,55.67
8896,male,group B,some college,none,41,39,34,114,38.00
7061,male,group C,bachelor degree,none,86,83,86,255,85.00
5146,male,group C,some high school,none,69,71,65,205,68.33
5196,male,group A,some high school,none,65,59,53,177,59.00
8414,male,group C,some high school,none,68,63,54,185,61.67
5831,male,group C,associate degree,none,64,66,59,189,63.00
3942,male,group C,high school,none,61,56,55,172,57.33
7562,male,group C,some high school,none,73,66,66,205,68.33
3978,male,group C,some college,completed,50,48,53,151,50.33
8048,male,group D,associate degree,none,75,68,64,207,69.00
365,male,group D,associate degree,none,75,66,73,214,71.33
9860,male,group C,high school,none,70,56,51,177,59.00
1773,male,group D,some high school,completed,89,88,82,259,86.33
8087,male,group A,some high school,none,79,82,73,234,78.00
7403,male,group D,some college,none,69,66,60,195,65.00
1458,male,group C,high school,completed,86,81,80,247,82.33
6576,male,group B,high school,none,47,46,42,135,45.00
2891,male,group B,associate degree,none,81,73,72,226,75.33
7652,male,group C,some college,none,65,58,49,172,57.33
6251,male,group C,bachelor degree,none,37,56,47,140,46.67
8201,male,group D,associate degree,none,53,54,48,155,51.67
402,male,group B,high school,completed,72,65,68,205,68.33
4764,male,group C,bachelor degree,none,53,58,55,166,55.33
104,male,group B,some college,none,54,54,45,153,51.00
9081,male,group A,bachelor degree,completed,75,58,62,195,65.00
8293,male,group A,high school,completed,72,67,65,204,68.00
6709,male,group C,some college,none,91,74,76,241,80.33
3914,male,group E,bachelor degree,completed,76,62,66,204,68.00
3875,male,group D,associate degree,none,80,68,72,220,73.33
5171,male,group E,associate degree,none,76,71,67,214,71.33
3725,male,group B,high school,completed,73,71,68,212,70.67
9219,male,group C,some college,none,68,68,61,197,65.67
7413,male,group A,high school,none,59,52,46,157,52.33
7726,male,group C,high school,none,70,74,71,215,71.67
2662,male,group D,some college,none,61,47,56,164,54.67
2192,male,group B,some high school,completed,64,53,57,174,58.00
4733,male,group A,associate degree,completed,79,82,82,243,81.00
9752,male,group D,high school,completed,68,64,66,198,66.00
9580,male,group E,some college,none,76,71,72,219,73.00
1466,male,group C,some college,none,63,61,54,178,59.33
9491,male,group A,high school,none,68,70,66,204,68.00
5472,male,group B,bachelor degree,none,55,59,54,168,56.00
3731,male,group C,master degree,none,79,78,77,234,78.00
8932,male,group D,some college,none,76,71,73,220,73.33
4786,male,group A,some high school,none,64,50,43,157,52.33
8540,male,group D,some high school,none,62,49,52,163,54.33
3264,male,group D,some college,none,71,49,52,172,57.33
7558,male,group D,bachelor degree,none,69,58,57,184,61.33
3597,male,group C,master degree,none,54,59,50,163,54.33
412,male,group C,high school,completed,53,52,49,154,51.33
9838,male,group E,some college,none,68,60,59,187,62.33
7311,male,group C,some high school,completed,56,61,60,177,59.00
9130,male,group E,associate degree,completed,62,61,58,181,60.33
1182,male,group B,high school,completed,73,69,68,210,70.00
2457,male,group C,associate degree,completed,51,60,58,169,56.33
8901,male,group E,bachelor degree,completed,85,66,71,222,74.00
8445,male,group A,associate degree,completed,97,92,86,275,91.67
8482,male,group C,high school,completed,75,69,68,212,70.67
1580,male,group D,associate degree,completed,79,82,80,241,80.33
4129,male,group E,some high school,completed,78,83,80,241,80.33
869,male,group C,high school,completed,72,67,64,203,67.67
2170,male,group C,master degree,none,79,72,69,220,73.33
380,male,group C,some high school,none,79,76,65,220,73.33
569,male,group B,bachelor degree,completed,87,90,88,265,88.33
5218,male,group D,some college,none,77,62,64,203,67.67
6053,male,group E,associate degree,none,53,45,40,138,46.00
377,male,group C,master degree,none,61,67,66,194,64.67
5495,male,group D,some high school,none,73,66,62,201,67.00
6373,male,group C,bachelor degree,completed,96,90,92,278,92.67
5698,male,group B,bachelor degree,none,48,51,46,145,48.33
6676,male,group B,associate degree,none,48,43,45,136,45.33
971,male,group B,high school,none,63,48,47,158,52.67
7587,male,group D,bachelor degree,none,68,68,67,203,67.67
3643,male,group B,some college,completed,71,75,70,216,72.00
2579,male,group A,bachelor degree,none,91,96,92,279,93.00
8959,male,group A,associate degree,completed,40,55,53,148,49.33
9155,male,group A,some college,completed,61,51,52,164,54.67
2167,male,group C,some college,none,58,57,54,169,56.33
5928,male,group A,some high school,none,71,62,50,183,61.00
955,male,group E,bachelor degree,none,68,68,64,200,66.67
5947,male,group B,high school,none,30,24,15,69,23.00
1135,male,group A,some high school,none,53,54,48,155,51.67
6523,male,group D,high school,none,60,57,51,168,56.00
4506,male,group D,master degree,completed,84,89,90,263,87.67
6166,male,group C,some high school,none,75,72,62,209,69.67
4815,male,group D,some college,completed,69,60,63,192,64.00
8469,male,group C,bachelor degree,completed,94,90,91,275,91.67
3434,male,group D,bachelor degree,none,88,78,83,249,83.00
9950,male,group D,master degree,none,95,81,84,260,86.67
3073,male,group C,associate degree,completed,65,73,68,206,68.67
1906,male,group B,bachelor degree,none,62,63,56,181,60.33
3313,male,group C,high school,completed,58,51,52,161,53.67
5235,male,group A,some college,completed,100,96,86,282,94.00
4801,male,group D,some college,completed,100,97,99,296,98.67
8579,male,group B,associate degree,completed,69,70,63,202,67.33
1860,male,group D,associate degree,none,61,48,46,155,51.67
2349,male,group D,some college,none,49,57,46,152,50.67
4236,male,group D,some college,none,67,64,70,201,67.00
9737,male,group B,high school,none,79,60,65,204,68.00
964,male,group D,some high school,none,84,84,80,248,82.67
7729,male,group A,high school,none,71,74,64,209,69.67
8903,male,group E,some college,none,86,76,74,236,78.67
2451,male,group D,high school,none,41,52,51,144,48.00
608,male,group B,high school,none,70,65,60,195,65.00
9557,male,group C,some high school,completed,51,56,53,160,53.33
7871,male,group C,associate degree,none,77,67,64,208,69.33
7986,male,group D,some high school,none,69,66,61,196,65.33
4273,male,group D,associate degree,none,90,87,85,262,87.33
2844,male,group C,some college,none,74,77,73,224,74.67
3401,male,group C,some high school,none,73,66,63,202,67.33
1259,male,group D,associate degree,none,80,63,63,206,68.67
4482,male,group C,some college,none,73,74,61,208,69.33
2884,male,group D,associate degree,completed,81,72,77,230,76.67
7218,male,group D,associate degree,none,52,57,50,159,53.00
3340,male,group D,associate degree,none,81,75,78,234,78.00
8123,male,group D,some college,none,63,61,60,184,61.33
3480,male,group B,high school,none,60,68,60,188,62.67
6129,male,group B,high school,none,62,55,54,171,57.00
4739,male,group B,some college,completed,62,66,68,196,65.33
317,male,group E,some college,completed,85,75,68,228,76.00
6242,male,group D,associate degree,none,77,78,73,228,76.00
7542,male,group A,high school,none,53,58,44,155,51.67
6882,male,group E,some college,none,93,90,83,266,88.67
7188,male,group C,high school,none,66,66,59,191,63.67
4666,male,group A,bachelor degree,completed,87,84,87,258,86.00
4133,male,group A,bachelor degree,none,62,72,65,199,66.33
3603,male,group D,high school,none,46,34,36,116,38.67
3218,male,group C,some college,none,66,59,52,177,59.00
9988,male,group D,high school,none,89,87,79,255,85.00
3177,male,group C,some college,completed,93,84,90,267,89.00
45,male,group D,master degree,none,81,81,84,246,82.00
1202,male,group C,associate degree,completed,73,78,72,223,74.33
6024,male,group E,associate degree,completed,91,73,80,244,81.33
3353,male,group D,some high school,completed,55,59,59,173,57.67
3892,male,group C,high school,none,50,48,42,140,46.67
3090,male,group B,some college,none,47,43,41,131,43.67
8340,male,group E,some college,completed,81,74,71,226,75.33
321,male,group E,some high school,completed,68,51,57,176,58.67
4670,male,group C,some college,none,53,39,37,129,43.00
7021,male,group A,some high school,none,55,46,43,144,48.00
6725,male,group D,some high school,none,55,47,44,146,48.67
6456,male,group C,master degree,none,67,57,59,183,61.00
3620,male,group C,associate degree,none,92,79,84,255,85.00
1296,male,group D,associate degree,none,81,71,73,225,75.00
7247,male,group C,high school,none,61,60,55,176,58.67
5582,male,group D,bachelor degree,none,80,73,72,225,75.00
9953,male,group B,some college,none,55,55,47,157,52.33
2533,male,group D,associate degree,none,72,79,74,225,75.00
1758,male,group D,high school,none,69,75,71,215,71.67
3334,male,group C,some college,none,69,64,68,201,67.00
2138,male,group B,some college,completed,87,84,86,257,85.67
7696,male,group D,some high school,completed,71,69,68,208,69.33
1637,male,group E,some college,none,68,72,65,205,68.33
1779,male,group C,master degree,completed,79,77,75,231,77.00
1303,male,group C,associate degree,none,58,55,53,166,55.33
7331,male,group D,some college,none,55,58,52,165,55.00
5902,male,group E,bachelor degree,completed,70,68,72,210,70.00
8020,male,group B,some college,completed,69,77,77,223,74.33
2621,male,group D,some high school,completed,78,81,86,245,81.67
4769,male,group D,some college,none,60,63,59,182,60.67
3144,male,group B,high school,completed,76,62,60,198,66.00
5099,male,group A,some college,none,58,60,57,175,58.33
7340,male,group B,high school,none,52,48,49,149,49.67
9167,male,group D,bachelor degree,none,75,73,74,222,74.00
9348,male,group B,some college,none,66,65,60,191,63.67
6126,male,group E,associate degree,completed,94,85,82,261,87.00
3633,male,group C,bachelor degree,completed,91,81,79,251,83.67
9858,male,group C,associate degree,none,68,65,61,194,64.67
3570,male,group D,high school,none,66,74,69,209,69.67
2609,male,group E,some high school,completed,89,84,77,250,83.33
3032,male,group D,high school,none,70,70,70,210,70.00
8841,male,group E,some college,none,69,60,54,183,61.00
9263,male,group C,some high school,completed,67,73,68,208,69.33
2282,male,group C,some high school,completed,76,80,73,229,76.33
5862,male,group A,some college,none,75,81,74,230,76.67
9974,male,group C,high school,none,90,75,69,234,78.00
1734,male,group B,bachelor degree,none,59,54,51,164,54.67
8846,male,group A,some high school,none,51,31,36,118,39.33
8692,male,group A,high school,none,45,47,49,141,47.00
7553,male,group E,some high school,completed,87,84,76,247,82.33
4673,male,group B,some high school,completed,94,86,87,267,89.00
8840,male,group D,bachelor degree,completed,61,70,76,207,69.00
6868,male,group E,some college,completed,49,52,51,152,50.67
6890,male,group C,high school,none,62,67,58,187,62.33
3064,male,group B,some high school,none,68,54,53,175,58.33
2661,male,group A,bachelor degree,none,64,60,58,182,60.67
6971,male,group B,some college,none,58,50,45,153,51.00
6348,male,group E,high school,none,73,64,57,194,64.67
5242,male,group B,associate degree,completed,58,57,53,168,56.00
9540,male,group C,some high school,none,64,58,51,173,57.67
8951,male,group B,some college,completed,74,77,76,227,75.67
7872,male,group E,master degree,none,90,85,84,259,86.33
8584,male,group C,master degree,completed,91,85,85,261,87.00
1990,male,group D,high school,none,64,54,50,168,56.00
6370,male,group D,associate degree,none,80,75,69,224,74.67
4185,male,group C,master degree,none,71,67,67,205,68.33
2,male,group E,some high school,none,82,67,61,210,70.00
2032,male,group C,some high school,none,62,64,55,181,60.33
7596,male,group B,some college,none,75,68,65,208,69.33
7359,male,group B,high school,completed,52,49,46,147,49.00
2890,male,group C,associate degree,none,87,73,72,232,77.33
3499,male,group D,bachelor degree,completed,39,42,38,119,39.67
6093,male,group C,associate degree,none,97,93,91,281,93.67
1666,male,group D,some college,completed,82,82,88,252,84.00
8780,male,group C,high school,none,59,53,52,164,54.67
1501,male,group B,associate degree,none,61,42,41,144,48.00
9806,male,group E,associate degree,completed,78,74,72,224,74.67
8081,male,group C,associate degree,none,49,51,51,151,50.33
1132,male,group B,high school,none,59,58,47,164,54.67
2919,male,group B,associate degree,completed,82,84,78,244,81.33
7575,male,group E,associate degree,none,90,90,82,262,87.33
3919,male,group C,some college,none,80,64,66,210,70.00
4290,male,group D,some college,none,81,82,84,247,82.33
5012,male,group C,some high school,none,57,61,54,172,57.33
1809,male,group C,bachelor degree,completed,63,64,66,193,64.33
8306,male,group D,bachelor degree,none,55,46,44,145,48.33
9940,male,group C,high school,none,54,72,59,185,61.67
1013,male,group D,high school,none,44,51,48,143,47.67
3854,male,group D,some high school,completed,88,74,75,237,79.00
3435,male,group B,high school,none,36,29,27,92,30.67
3444,male,group D,associate degree,completed,67,54,63,184,61.33
7645,male,group D,master degree,none,85,84,89,258,86.00
7774,male,group D,some college,none,88,77,77,242,80.67
1012,male,group B,high school,none,57,48,51,156,52.00
2479,male,group E,bachelor degree,completed,70,64,70,204,68.00
2144,male,group D,bachelor degree,none,50,42,48,140,46.67
8509,male,group E,bachelor degree,completed,100,100,100,300,100.00
4778,male,group B,some college,completed,91,96,91,278,92.67
6044,male,group D,high school,none,69,70,67,206,68.67
249,male,group D,high school,none,72,66,66,204,68.00
2042,male,group D,high school,none,74,70,69,213,71.00
5522,male,group E,some high school,completed,74,64,60,198,66.00
4948,male,group E,associate degree,none,64,56,52,172,57.33
6999,male,group E,associate degree,completed,46,43,44,133,44.33
5716,male,group C,some college,completed,67,74,70,211,70.33
9972,male,group D,some college,none,62,57,62,181,60.33
8375,male,group D,associate degree,completed,61,71,73,205,68.33
1634,male,group C,bachelor degree,completed,70,75,74,219,73.00
7808,male,group C,associate degree,completed,98,87,90,275,91.67
9223,male,group D,some college,none,70,63,58,191,63.67
566,male,group A,associate degree,none,67,57,53,177,59.00
2227,male,group D,some college,completed,85,81,85,251,83.67
5127,male,group D,some high school,completed,77,68,69,214,71.33
3252,male,group C,master degree,completed,72,66,72,210,70.00
6280,male,group C,high school,none,81,66,64,211,70.33
6290,male,group A,some high school,completed,61,62,61,184,61.33
3296,male,group B,high school,none,82,82,80,244,81.33
1209,male,group B,some high school,completed,49,50,52,151,50.33
7422,male,group E,high school,none,94,73,71,238,79.33
2079,male,group C,high school,completed,58,52,54,164,54.67
4812,male,group E,associate degree,none,72,57,62,191,63.67
3899,male,group C,some college,none,84,87,81,252,84.00
2927,female,group B,bachelor degree,none,72,72,74,218,72.67
1654,female,group C,some college,completed,69,90,88,247,82.33
6269,female,group B,master degree,none,90,95,93,278,92.67
5818,female,group B,associate degree,none,71,83,78,232,77.33
3399,female,group B,some college,completed,88,95,92,275,91.67
2172,female,group B,high school,none,38,60,50,148,49.33
1791,female,group B,high school,none,65,81,73,219,73.00
3588,female,group A,master degree,none,50,53,58,161,53.67
9090,female,group C,some high school,none,69,75,78,222,74.00
4028,female,group B,some high school,none,18,32,28,78,26.00
9670,female,group C,associate degree,none,54,58,61,173,57.67
7468,female,group B,some college,completed,65,75,70,210,70.00
1854,female,group C,some high school,none,69,73,73,215,71.67
9937,female,group C,bachelor degree,none,67,69,75,211,70.33
2141,female,group D,master degree,none,62,70,75,207,69.00
6416,female,group D,some college,none,69,74,74,217,72.33
9926,female,group B,some college,none,63,65,61,189,63.00
366,female,group E,master degree,none,56,72,65,193,64.33
3197,female,group D,associate degree,none,74,81,83,238,79.33
7128,female,group D,some high school,none,50,64,59,173,57.67
6303,female,group D,associate degree,completed,75,90,88,253,84.33
2512,female,group C,associate degree,none,58,73,68,199,66.33
590,female,group B,associate degree,none,53,58,65,176,58.67
5930,female,group E,associate degree,none,50,56,54,160,53.33
3740,female,group A,associate degree,completed,55,65,62,182,60.67
630,female,group C,high school,none,66,71,76,213,71.00
5069,female,group D,associate degree,completed,57,74,76,207,69.00
8596,female,group C,some high school,completed,71,84,87,242,80.67
5757,female,group C,high school,none,33,41,43,117,39.00
3182,female,group E,associate degree,completed,82,85,86,253,84.33
2620,female,group C,some high school,none,0,17,10,27,9.00
7036,female,group C,associate degree,none,69,80,71,220,73.33
1513,female,group D,some high school,none,59,58,59,176,58.67
5304,female,group C,some college,none,60,72,74,206,68.67
1805,female,group C,associate degree,none,39,64,57,160,53.33
8818,female,group D,some college,completed,58,63,73,194,64.67
2715,female,group A,associate degree,none,41,51,48,140,46.67
9297,female,group D,some high school,completed,61,74,72,207,69.00
6608,female,group E,master degree,none,62,68,68,198,66.00
2006,female,group B,associate degree,none,47,49,50,146,48.67
4605,female,group C,some college,none,73,80,82,235,78.33
2248,female,group C,some college,none,76,83,88,247,82.33
3061,female,group D,associate degree,none,71,71,74,216,72.00
238,female,group A,some college,none,58,70,67,195,65.00
4154,female,group D,some high school,none,73,86,82,241,80.33
3269,female,group C,bachelor degree,none,65,72,74,211,70.33
3258,female,group B,some college,none,79,86,92,257,85.67
5247,female,group E,some college,completed,63,72,70,205,68.33
5343,female,group D,some college,none,58,67,62,187,62.33
3992,female,group D,bachelor degree,none,65,67,62,194,64.67
9801,female,group D,associate degree,none,85,91,89,265,88.33
8815,female,group C,some college,none,58,67,72,197,65.67
6055,female,group D,master degree,none,87,100,100,287,95.67
2249,female,group B,associate degree,none,52,76,70,198,66.00
9611,female,group B,some high school,none,70,64,72,206,68.67
143,female,group D,associate degree,completed,77,89,98,264,88.00
3450,female,group D,some college,none,51,58,54,163,54.33
1286,female,group E,bachelor degree,completed,99,100,100,299,99.67
9575,female,group B,bachelor degree,none,75,85,82,242,80.67
1453,female,group D,bachelor degree,none,78,82,79,239,79.67
3711,female,group D,some high school,none,51,63,61,175,58.33
7200,female,group C,some college,none,55,69,65,189,63.00
8900,female,group C,bachelor degree,completed,79,92,89,260,86.67
9041,female,group C,some college,completed,88,93,93,274,91.33
6949,female,group B,high school,none,87,95,86,268,89.33
538,female,group A,bachelor degree,none,51,49,51,151,50.33
8059,female,group C,some college,completed,75,81,84,240,80.00
7226,female,group C,associate degree,none,59,66,67,192,64.00
1060,female,group D,some high school,none,76,72,71,219,73.00
6021,female,group C,some college,none,59,62,64,185,61.67
5201,female,group E,some college,completed,42,55,54,151,50.33
1543,female,group C,some college,none,22,39,33,94,31.33
3574,female,group D,bachelor degree,completed,68,75,81,224,74.67
7737,female,group B,associate degree,completed,59,70,66,195,65.00
7957,female,group C,some college,completed,70,89,88,247,82.33
89,female,group E,high school,completed,66,74,78,218,72.67
37,female,group B,associate degree,completed,61,86,87,234,78.00
8452,female,group E,some college,completed,75,88,85,248,82.67
6563,female,group E,master degree,none,81,92,91,264,88.00
7648,female,group C,bachelor degree,completed,96,100,100,296,98.67
9841,female,group B,master degree,completed,58,76,78,212,70.67
3690,female,group B,high school,completed,68,83,78,229,76.33
6091,female,group C,some college,completed,67,75,70,212,70.67
6537,female,group D,some college,none,79,86,81,246,82.00
2603,female,group C,associate degree,none,63,67,70,200,66.67
1270,female,group C,bachelor degree,completed,43,51,54,148,49.33
4828,female,group C,master degree,completed,81,91,87,259,86.33
9298,female,group B,high school,completed,46,54,58,158,52.67
1376,female,group C,associate degree,completed,71,77,77,225,75.00
9588,female,group B,master degree,completed,52,70,62,184,61.33
1441,female,group D,some high school,completed,97,100,100,297,99.00
3068,female,group C,some college,none,46,64,66,176,58.67
4555,female,group E,high school,none,50,50,47,147,49.00
5097,female,group D,associate degree,none,65,69,70,204,68.00
2877,female,group C,bachelor degree,none,77,88,87,252,84.00
6016,female,group E,associate degree,none,66,65,69,200,66.67
6555,female,group B,some high school,none,62,64,66,192,64.00
1870,female,group C,master degree,completed,69,84,85,238,79.33
8848,female,group B,some college,none,45,53,55,153,51.00
1051,female,group B,bachelor degree,none,78,79,76,233,77.67
7642,female,group C,associate degree,completed,67,84,86,237,79.00
5249,female,group D,some college,none,65,81,77,223,74.33
6540,female,group B,associate degree,none,57,69,68,194,64.67
3605,female,group B,some college,none,74,81,76,231,77.00
9992,female,group B,some college,none,58,61,66,185,61.67
5021,female,group C,high school,none,42,62,60,164,54.67
2772,female,group E,associate degree,completed,83,86,88,257,85.67
1148,female,group C,high school,none,34,42,39,115,38.33
7469,female,group D,high school,completed,56,68,74,198,66.00
6222,female,group C,some high school,none,55,65,62,182,60.67
2954,female,group B,associate degree,completed,52,66,73,191,63.67
1385,female,group E,master degree,none,45,56,54,155,51.67
9776,female,group C,some college,none,72,72,71,215,71.67
5799,female,group C,some college,completed,88,95,94,277,92.33
6098,female,group B,bachelor degree,none,67,86,83,236,78.67
602,female,group D,some high school,completed,64,60,74,198,66.00
1564,female,group E,bachelor degree,none,80,83,83,246,82.00
3746,female,group D,high school,none,56,52,55,163,54.33
9448,female,group B,high school,completed,58,70,68,196,65.33
4735,female,group B,high school,none,65,64,62,191,63.67
2562,female,group D,some college,none,71,83,83,237,79.00
9679,female,group B,some high school,completed,60,70,70,200,66.67
7835,female,group E,some college,none,62,73,70,205,68.33
6073,female,group C,associate degree,none,64,73,68,205,68.33
8467,female,group B,some college,none,70,75,78,223,74.33
5681,female,group C,master degree,completed,65,81,81,227,75.67
4918,female,group C,some high school,completed,64,79,77,220,73.33
9836,female,group C,some high school,none,44,50,51,145,48.33
4475,female,group E,high school,none,99,93,90,282,94.00
6138,female,group C,bachelor degree,none,63,75,81,219,73.00
4285,female,group D,high school,none,69,72,77,218,72.67
5983,female,group D,associate degree,completed,88,92,95,275,91.67
8274,female,group E,some college,none,71,76,70,217,72.33
8011,female,group D,associate degree,none,47,53,58,158,52.67
4704,female,group D,some college,none,65,70,71,206,68.67
96,female,group C,some high school,completed,85,92,93,270,90.00
4472,female,group E,high school,completed,59,63,75,197,65.67
8971,female,group C,some high school,none,65,86,80,231,77.00
6434,female,group D,bachelor degree,none,73,79,84,236,78.67
5792,female,group D,some college,completed,70,78,78,226,75.33
7493,female,group B,some high school,none,37,46,46,129,43.00
6317,female,group B,some high school,none,67,89,82,238,79.33
6719,female,group E,bachelor degree,none,65,73,75,213,71.00
533,female,group C,associate degree,completed,67,84,81,232,77.33
887,female,group C,associate degree,completed,74,75,83,232,77.33
1219,female,group B,associate degree,none,53,71,67,191,63.67
8413,female,group D,high school,none,49,57,52,158,52.67
1061,female,group B,associate degree,none,73,76,80,229,76.33
5587,female,group C,associate degree,completed,68,67,69,204,68.00
8500,female,group C,bachelor degree,completed,59,64,75,198,66.00
9883,female,group D,master degree,completed,77,82,91,250,83.33
8555,female,group D,associate degree,none,56,65,63,184,61.33
2920,female,group C,high school,completed,67,79,84,230,76.67
6413,female,group E,high school,none,75,86,79,240,80.00
5360,female,group C,some college,none,71,81,80,232,77.33
3293,female,group C,some high school,none,43,53,53,149,49.67
1837,female,group C,high school,none,41,46,43,130,43.33
2202,female,group C,some college,none,82,90,94,266,88.67
2180,female,group B,some high school,none,41,55,51,147,49.00
4165,female,group C,bachelor degree,none,83,93,95,271,90.33
3011,female,group B,some college,none,61,68,66,195,65.00
3611,female,group B,some high school,none,24,38,27,89,29.67
4037,female,group D,some high school,completed,35,55,60,150,50.00
6644,female,group C,high school,none,61,73,63,197,65.67
526,female,group B,high school,completed,69,76,74,219,73.00
1269,female,group C,high school,none,72,80,75,227,75.67
127,female,group C,bachelor degree,completed,77,94,95,266,88.67
7723,female,group B,bachelor degree,none,52,65,69,186,62.00
9479,female,group C,some college,completed,63,78,80,221,73.67
2396,female,group C,associate degree,none,46,58,57,161,53.67
52,female,group C,some college,none,59,71,70,200,66.67
4710,female,group B,bachelor degree,none,61,72,70,203,67.67
4333,female,group C,some college,completed,42,66,69,177,59.00
2061,female,group D,some college,none,80,90,89,259,86.33
8031,female,group B,high school,none,58,62,59,179,59.67
2870,female,group C,some college,none,52,58,58,168,56.00
4415,female,group D,some high school,none,27,34,32,93,31.00
7327,female,group A,some high school,none,44,64,58,166,55.33
3884,female,group D,some high school,none,73,84,85,242,80.67
7746,female,group C,some college,completed,45,73,70,188,62.67
8042,female,group D,some college,completed,82,97,96,275,91.67
5238,female,group D,bachelor degree,none,59,70,73,202,67.33
763,female,group D,some high school,none,80,90,82,252,84.00
1494,female,group D,master degree,completed,85,95,100,280,93.33
3525,female,group A,some high school,none,71,83,77,231,77.00
3053,female,group B,associate degree,none,80,86,83,249,83.00
9294,female,group E,some high school,none,38,49,45,132,44.00
9148,female,group A,some high school,none,38,43,43,124,41.33
7206,female,group E,some college,none,67,76,75,218,72.67
5359,female,group E,bachelor degree,none,64,73,70,207,69.00
459,female,group C,associate degree,none,57,78,67,202,67.33
7111,female,group D,high school,none,62,64,64,190,63.33
4211,female,group D,some college,none,77,68,77,222,74.00
5610,female,group C,some high school,completed,65,74,77,216,72.00
6951,female,group B,high school,none,50,67,63,180,60.00
194,female,group C,associate degree,none,85,89,95,269,89.67
1367,female,group C,some high school,completed,59,54,67,180,60.00
8646,female,group A,some college,none,49,65,55,169,56.33
3488,female,group D,high school,completed,88,99,100,287,95.67
7788,female,group C,high school,none,54,59,62,175,58.33
5433,female,group C,some high school,none,63,73,68,204,68.00
8567,female,group B,associate degree,none,82,80,77,239,79.67
1954,female,group D,high school,completed,52,57,56,165,55.00
6095,female,group D,master degree,completed,70,71,74,215,71.67
9613,female,group C,bachelor degree,completed,51,72,79,202,67.33
9722,female,group C,associate degree,completed,82,93,93,268,89.33
8399,female,group D,high school,completed,57,58,64,179,59.67
3464,female,group D,master degree,completed,47,58,67,172,57.33
5924,female,group A,some high school,completed,59,85,80,224,74.67
2569,female,group C,some college,none,62,67,62,191,63.67
4052,female,group C,high school,none,61,72,70,203,67.67
343,female,group A,some high school,none,47,59,50,156,52.00
4312,female,group C,some college,completed,67,81,79,227,75.67
2584,female,group D,high school,none,78,81,80,239,79.67
7317,female,group A,some high school,none,59,73,69,201,67.00
1035,female,group B,associate degree,none,73,83,76,232,77.33
1285,female,group C,some high school,completed,67,74,77,218,72.67
9508,female,group C,some college,completed,64,85,85,234,78.00
2528,female,group E,some college,none,100,92,97,289,96.33
8405,female,group C,associate degree,none,65,77,74,216,72.00
6360,female,group C,associate degree,none,53,61,62,176,58.67
6763,female,group D,bachelor degree,none,79,89,89,257,85.67
2438,female,group E,bachelor degree,none,100,100,100,300,100.00
882,female,group E,some college,none,71,70,76,217,72.33
2289,female,group C,some college,none,77,90,91,258,86.00
5291,female,group C,some college,none,84,87,91,262,87.33
1765,female,group D,associate degree,none,26,31,38,95,31.67
3589,female,group A,high school,completed,77,88,85,250,83.33
514,female,group C,associate degree,completed,83,85,90,258,86.00
1305,female,group C,high school,none,63,69,74,206,68.67
9126,female,group C,associate degree,completed,68,86,84,238,79.33
4799,female,group D,some high school,none,59,67,61,187,62.33
1900,female,group B,associate degree,completed,90,90,91,271,90.33
746,female,group D,bachelor degree,completed,71,76,83,230,76.67
3630,female,group D,master degree,none,55,64,70,189,63.00
6254,female,group D,associate degree,none,52,59,56,167,55.67
8550,female,group B,associate degree,none,49,52,54,155,51.67
2389,female,group C,associate degree,none,60,75,74,209,69.67
1868,female,group A,associate degree,none,65,85,76,226,75.33
62,female,group C,associate degree,none,64,64,70,198,66.00
802,female,group C,some college,none,83,83,90,256,85.33
3587,female,group C,bachelor degree,none,81,88,90,259,86.33
5129,female,group B,high school,none,54,64,68,186,62.00
3786,female,group C,some college,none,54,48,52,154,51.33
871,female,group D,some college,completed,59,78,76,213,71.00
3608,female,group B,some high school,none,66,69,68,203,67.67
8393,female,group D,master degree,none,74,79,82,235,78.33
2928,female,group B,associate degree,completed,94,87,92,273,91.00
1804,female,group E,associate degree,completed,95,89,92,276,92.00
5317,female,group D,master degree,none,40,59,54,153,51.00
3986,female,group B,some high school,none,82,82,80,244,81.33
3421,female,group C,bachelor degree,none,86,92,87,265,88.33
9629,female,group B,some high school,completed,54,61,62,177,59.00
7077,female,group B,master degree,completed,77,97,94,268,89.33
291,female,group C,some high school,completed,76,87,85,248,82.67
1423,female,group D,some college,none,74,89,84,247,82.33
1925,female,group E,some college,completed,66,74,73,213,71.00
1538,female,group D,some high school,completed,66,78,78,222,74.00
4323,female,group B,high school,completed,67,78,79,224,74.67
2864,female,group C,associate degree,none,91,86,84,261,87.00
2033,female,group C,high school,none,36,53,43,132,44.00
4820,female,group D,bachelor degree,none,29,41,47,117,39.00
4180,female,group C,associate degree,none,62,74,70,206,68.67
7416,female,group C,associate degree,completed,68,67,73,208,69.33
7139,female,group C,some high school,none,47,54,53,154,51.33
981,female,group E,associate degree,completed,79,88,94,261,87.00
1410,female,group C,bachelor degree,completed,66,83,83,232,77.33
2893,female,group D,high school,none,51,66,62,179,59.67
8013,female,group C,associate degree,none,81,77,79,237,79.00
8822,female,group D,associate degree,none,82,95,89,266,88.67
1402,female,group D,master degree,none,64,63,66,193,64.33
6611,female,group A,some high school,completed,92,100,97,289,96.33
1751,female,group C,high school,none,62,67,64,193,64.33
4590,female,group B,associate degree,none,40,48,50,138,46.00
8370,female,group C,some college,none,32,39,33,104,34.67
1186,female,group C,associate degree,completed,55,72,79,206,68.67
4552,female,group B,associate degree,none,53,70,70,193,64.33
8789,female,group D,some college,completed,74,75,79,228,76.00
6463,female,group C,some college,none,63,74,74,211,70.33
8086,female,group D,some college,completed,63,80,80,223,74.33
6227,female,group E,bachelor degree,completed,92,100,100,292,97.33
1767,female,group D,master degree,completed,61,71,78,210,70.00
1020,female,group C,some college,none,53,62,56,171,57.00
4432,female,group C,high school,completed,50,66,64,180,60.00
5275,female,group E,high school,none,74,81,71,226,75.33
8940,female,group B,high school,none,81,91,89,261,87.00
518,female,group B,some college,completed,48,56,58,162,54.00
3534,female,group D,master degree,none,53,61,68,182,60.67
977,female,group D,some high school,none,81,97,96,274,91.33
8001,female,group E,some high school,none,77,79,80,236,78.67
4218,female,group D,bachelor degree,none,63,73,78,214,71.33
3895,female,group D,associate degree,completed,73,75,80,228,76.00
7591,female,group D,some college,none,69,77,77,223,74.33
9259,female,group C,associate degree,none,65,76,76,217,72.33
1338,female,group A,high school,none,55,73,73,201,67.00
7628,female,group C,bachelor degree,none,44,63,62,169,56.33
8371,female,group C,some college,none,54,64,65,183,61.00
55,female,group A,some high school,none,48,66,65,179,59.67
4168,female,group E,high school,none,74,76,73,223,74.33
6207,female,group C,bachelor degree,completed,92,100,99,291,97.00
6791,female,group C,bachelor degree,completed,56,79,72,207,69.00
2039,female,group D,high school,none,69,77,73,219,73.00
1495,female,group D,some high school,none,65,82,81,228,76.00
5080,female,group D,master degree,none,54,60,63,177,59.00
182,female,group C,high school,none,29,29,30,88,29.33
1578,female,group E,some college,none,76,78,80,234,78.00
5408,female,group C,associate degree,none,85,84,82,251,83.67
9840,female,group C,master degree,none,40,58,54,152,50.67
9697,female,group E,some college,none,61,64,62,187,62.33
706,female,group B,associate degree,none,58,63,65,186,62.00
8572,female,group C,some college,none,58,59,66,183,61.00
1062,female,group C,associate degree,none,65,77,74,216,72.00
147,female,group A,associate degree,none,82,93,93,268,89.33
2640,female,group C,high school,none,60,68,72,200,66.67
1040,female,group E,bachelor degree,none,37,45,38,120,40.00
6014,female,group C,high school,none,35,61,54,150,50.00
5756,female,group E,bachelor degree,none,61,58,62,181,60.33
5746,female,group C,some high school,completed,44,51,55,150,50.00
8014,female,group B,bachelor degree,completed,66,74,81,221,73.67
8801,female,group C,high school,none,75,88,85,248,82.67
4232,female,group B,high school,completed,67,80,81,228,76.00
4430,female,group D,some high school,completed,80,92,88,260,86.67
2159,female,group D,associate degree,none,76,74,73,223,74.33
5688,female,group D,associate degree,completed,74,88,90,252,84.00
8245,female,group B,some high school,none,72,81,79,232,77.33
2184,female,group E,high school,completed,74,79,80,233,77.67
847,female,group B,bachelor degree,completed,65,81,81,227,75.67
1641,female,group D,associate degree,none,59,70,65,194,64.67
8768,female,group E,high school,none,64,62,68,194,64.67
1750,female,group B,high school,none,50,53,55,158,52.67
8095,female,group D,some college,completed,69,79,81,229,76.33
2678,female,group A,high school,completed,68,80,76,224,74.67
4077,female,group D,some college,completed,85,86,98,269,89.67
6438,female,group A,associate degree,completed,65,70,74,209,69.67
3207,female,group B,some high school,none,73,79,79,231,77.00
1611,female,group B,some college,none,62,67,67,196,65.33
4751,female,group D,associate degree,none,43,60,58,161,53.67
4167,female,group D,some college,none,55,71,69,195,65.00
3473,female,group C,high school,none,65,69,67,201,67.00
5994,female,group C,some high school,completed,50,60,60,170,56.67
4527,female,group C,some college,completed,63,73,71,207,69.00
7910,female,group B,bachelor degree,none,77,85,87,249,83.00
4569,female,group C,high school,none,66,76,68,210,70.00
9031,female,group C,some college,none,69,78,76,223,74.33
7736,female,group C,associate degree,completed,65,84,84,233,77.67
7293,female,group D,high school,completed,69,77,78,224,74.67
618,female,group B,some college,completed,50,64,66,180,60.00
169,female,group E,some college,completed,73,78,76,227,75.67
6051,female,group C,some high school,completed,70,82,76,228,76.00
7132,female,group D,high school,none,67,72,74,213,71.00
3465,female,group C,some high school,completed,29,40,44,113,37.67
3206,female,group E,master degree,completed,94,99,100,293,97.67
9631,female,group C,associate degree,none,49,53,53,155,51.67
5141,female,group E,associate degree,none,73,76,78,227,75.67
5419,female,group C,bachelor degree,completed,66,74,81,221,73.67
3432,female,group D,associate degree,none,77,77,73,227,75.67
2136,female,group C,some high school,none,49,63,56,168,56.00
4968,female,group D,some college,none,79,89,86,254,84.67
7321,female,group C,associate degree,completed,75,82,90,247,82.33
6474,female,group A,bachelor degree,none,59,72,70,201,67.00
3767,female,group D,associate degree,completed,57,78,79,214,71.33
4979,female,group E,bachelor degree,completed,79,81,82,242,80.67
7482,female,group B,some high school,none,57,67,72,196,65.33
5327,female,group D,some college,none,63,64,67,194,64.67
4821,female,group B,some high school,completed,59,63,64,186,62.00
548,female,group D,associate degree,completed,42,61,58,161,53.67
4387,female,group E,some high school,completed,80,85,85,250,83.33
3918,female,group D,some college,none,98,100,99,297,99.00
3616,female,group B,some high school,completed,60,70,74,204,68.00
4065,female,group B,associate degree,completed,76,94,87,257,85.67
4084,female,group C,associate degree,completed,96,96,99,291,97.00
3352,female,group C,high school,none,76,76,74,226,75.33
9735,female,group C,some college,none,62,72,70,204,68.00
9826,female,group B,some high school,completed,74,90,88,252,84.00
1946,female,group E,associate degree,completed,65,75,77,217,72.33
7069,female,group D,high school,none,73,92,84,249,83.00
3749,female,group B,associate degree,completed,68,77,80,225,75.00
991,female,group C,some college,completed,87,89,94,270,90.00
423,female,group E,some college,none,53,58,57,168,56.00
4530,female,group B,some college,completed,53,66,73,192,64.00
2029,female,group A,associate degree,none,37,57,56,150,50.00
8211,female,group C,high school,none,81,84,82,247,82.33
9645,female,group C,associate degree,completed,59,73,72,204,68.00
5368,female,group C,bachelor degree,none,50,60,59,169,56.33
3513,female,group C,some high school,completed,77,90,85,252,84.00
5607,female,group E,associate degree,none,84,95,92,271,90.33
3712,female,group D,some college,completed,52,59,65,176,58.67
6773,female,group C,high school,none,53,72,64,189,63.00
3747,female,group D,some high school,none,48,58,54,160,53.33
5202,female,group B,high school,none,62,62,63,187,62.33
1939,female,group B,high school,none,74,72,72,218,72.67
4503,female,group C,high school,completed,58,75,77,210,70.00
2118,female,group D,some high school,none,68,71,75,214,71.33
4707,female,group B,some high school,completed,52,67,72,191,63.67
1588,female,group C,bachelor degree,none,62,78,79,219,73.00
8252,female,group B,some high school,none,49,58,55,162,54.00
712,female,group B,high school,none,66,72,70,208,69.33
5531,female,group C,some college,none,35,44,43,122,40.67
6994,female,group A,some college,completed,72,79,82,233,77.67
1315,female,group D,associate degree,none,46,56,57,159,53.00
2886,female,group B,master degree,none,77,90,84,251,83.67
2161,female,group B,high school,completed,76,85,82,243,81.00
9541,female,group C,associate degree,completed,52,59,62,173,57.67
8159,female,group B,some high school,completed,32,51,44,127,42.33
5346,female,group E,some high school,none,72,79,77,228,76.00
1700,female,group B,some college,none,19,38,32,89,29.67
3940,female,group C,master degree,none,52,65,61,178,59.33
5709,female,group B,high school,none,48,62,60,170,56.67
9878,female,group D,some college,none,60,66,70,196,65.33
8476,female,group B,high school,none,42,52,51,145,48.33
8573,female,group E,associate degree,completed,57,68,73,198,66.00
6927,female,group E,associate degree,none,70,84,81,235,78.33
134,female,group C,associate degree,none,52,55,57,164,54.67
4831,female,group E,associate degree,none,87,94,95,276,92.00
5761,female,group B,some college,none,82,85,87,254,84.67
8316,female,group C,some college,none,73,76,78,227,75.67
20,female,group D,some college,none,64,74,75,213,71.00
9666,female,group E,high school,none,41,45,40,126,42.00
7580,female,group C,master degree,completed,54,64,67,185,61.67
4792,female,group C,high school,none,72,80,83,235,78.33
5775,female,group A,bachelor degree,none,45,59,64,168,56.00
6029,female,group B,high school,none,60,72,68,200,66.67
4883,female,group C,some high school,none,77,91,88,256,85.33
4118,female,group A,some high school,completed,85,90,92,267,89.00
3237,female,group D,bachelor degree,none,78,90,93,261,87.00
9142,female,group B,high school,none,71,87,82,240,80.00
8735,female,group C,some high school,none,48,58,52,158,52.67
3244,female,group C,associate degree,completed,56,68,70,194,64.67
5968,female,group C,some high school,none,65,69,76,210,70.00
54,female,group D,some high school,completed,69,86,81,236,78.67
1674,female,group A,some college,none,61,60,57,178,59.33
6208,female,group C,bachelor degree,completed,74,86,89,249,83.00
8885,female,group B,high school,completed,77,82,89,248,82.67
663,female,group C,high school,completed,60,64,74,198,66.00
8872,female,group A,high school,completed,75,82,79,236,78.67
6602,female,group C,associate degree,none,66,77,73,216,72.00
8973,female,group D,high school,none,39,52,46,137,45.67
9584,female,group B,high school,completed,23,44,36,103,34.33
6984,female,group D,some high school,completed,40,65,64,169,56.33
4220,female,group C,high school,none,59,72,68,199,66.33
4934,female,group A,high school,none,61,68,63,192,64.00
6635,female,group E,some college,none,87,85,93,265,88.33
9163,female,group B,bachelor degree,none,97,97,96,290,96.67
5308,female,group C,bachelor degree,none,65,79,81,225,75.00
6213,female,group C,associate degree,none,53,62,53,168,56.00
6930,female,group E,master degree,none,81,86,87,254,84.67
6326,female,group C,some college,completed,71,71,80,222,74.00
6363,female,group C,some college,completed,70,72,76,218,72.67
5209,female,group C,bachelor degree,none,43,62,61,166,55.33
572,female,group D,some high school,none,59,72,80,211,70.33
4783,female,group D,associate degree,none,64,76,74,214,71.33
7325,female,group E,bachelor degree,completed,71,70,70,211,70.33
3479,female,group B,high school,none,64,73,71,208,69.33
1064,female,group E,associate degree,none,51,51,54,156,52.00
9269,female,group C,associate degree,completed,62,76,80,218,72.67
8408,female,group E,associate degree,completed,93,100,95,288,96.00
3483,female,group D,some college,none,69,65,74,208,69.33
2703,female,group E,some college,completed,86,85,91,262,87.33
3145,female,group E,associate degree,none,85,92,85,262,87.33
3506,female,group A,master degree,none,50,67,73,190,63.33
9250,female,group E,associate degree,none,59,62,69,190,63.33
2414,female,group E,some high school,none,32,34,38,104,34.67
1834,female,group B,some high school,completed,63,78,79,220,73.33
568,female,group D,some high school,completed,65,78,82,225,75.00
8884,female,group C,master degree,none,73,78,74,225,75.00
5093,female,group A,high school,completed,34,48,41,123,41.00
564,female,group D,bachelor degree,completed,93,100,100,293,97.67
2722,female,group D,some high school,none,67,84,84,235,78.33
5009,female,group D,some college,completed,79,84,91,254,84.67
4926,female,group C,bachelor degree,none,67,75,72,214,71.33
4986,female,group A,some college,none,69,84,82,235,78.33
7630,female,group C,bachelor degree,completed,52,61,66,179,59.67
3165,female,group C,bachelor degree,completed,47,62,66,175,58.33
4889,female,group B,associate degree,none,46,61,55,162,54.00
4927,female,group E,some college,none,68,70,66,204,68.00
6163,female,group C,high school,none,44,61,52,157,52.33
1958,female,group C,associate degree,completed,57,77,80,214,71.33
4692,female,group C,high school,none,35,53,46,134,44.67
1511,female,group B,associate degree,none,54,65,65,184,61.33
5782,female,group D,high school,completed,65,61,71,197,65.67
339,female,group C,some high school,none,48,56,51,155,51.67
793,female,group E,high school,none,57,58,57,172,57.33
9677,female,group D,master degree,none,78,91,96,265,88.33
520,female,group B,high school,none,58,68,61,187,62.33
5837,female,group C,associate degree,none,54,61,58,173,57.67
2802,female,group D,some college,none,49,58,60,167,55.67
7617,female,group E,high school,completed,57,75,73,205,68.33
2496,female,group D,some college,completed,75,77,83,235,78.33
8870,female,group E,some high school,none,74,74,72,220,73.33
4748,female,group C,some college,none,62,69,69,200,66.67
5258,female,group D,master degree,none,92,100,100,292,97.33
